高球场部署萨德 韩军方与乐天达成反导系统营地协议,叶攀 ,朝鲜,北京晨报,2016/11/17 2:01,韩国政府继续推进“萨德”反导系统部署，已经与乐天集团达成“换地”协议。韩联社11日报道，韩国军方与乐天集团已经同意，前者用首尔附近的京畿道南杨州市一块国有土地换取后者拥有的星州郡高尔夫球场，作为“萨德”营地。</br>　　土地价值评估</br>　　一名不愿公开身份的韩国军方官员告诉媒体记者，协议达成后，将开始上述两块土地的价值评估。如果星州高尔夫球场的价值高于前者，军方将以现金或者更多土地补偿差价；如果前者更有价值，军方将缩减用于交换的土地面积。</br>　　韩国军方将把星州高尔夫球场移交给驻韩美军，进而开始规划基地建设和评估“萨德”系统对环境的影响。</br>　　本月4日，驻韩美军司令文森特·布鲁克斯在一个论坛上表示，“萨德”系统将在8至10个月内在韩国部署。</br>　　“萨德”全称为“末段高空区域防御系统”。美韩7月宣布，将在韩国部署“萨德”，理由是防范朝鲜可能发动的导弹攻击。</br>　　作为韩国的邻国，中国和俄罗斯坚决反对这项部署计划。中方指出，部署“萨德”无助于实现半岛无核化，不利于维护半岛和平稳定，与各方对话协商解决问题的努力背道而驰，并严重损害包括中国在内的本地区国家安全和战略平衡。</br>　　负担“保护费”</br>　　在韩国国内，“萨德”部署计划也受到普通民众和在野党的强烈反对。这套反导系统原定部署在星州郡星山炮台，受到当地民众坚决抵制，迫使韩国政府放弃原方案，最终选择星州高尔夫球场。但是，改变部署地点并未平息反对声浪。</br>　　星州高尔夫球场估计价值达1000亿韩元(约合8500万美元)。如果韩国政府采取购买方式，需要由国会审批。鉴于在野党阵营对部署“萨德”持反对立场，而且国会眼下处于“朝小野大”的局面，因而韩国国防部偏好土地交换方式。</br>　　韩国总统朴槿惠眼下疲于应对“亲信干政”事件引发的空前执政危机；另一方面，唐纳德·特朗普当选美国新一届总统，美韩军事同盟关系面临风波。</br>　　特朗普竞选期间表示，韩国和日本必须全额负担“保护费”，否则将撤走美国驻军。这一表态引发日韩不安。韩国国防部14日发布一份分析报告，预测特朗普政府将会要求韩国负担更多驻韩美军所需费用。韩国国会国防委员会主席金荣祐(音译)同一天接受韩联社记者采访时说，大幅增加韩方份额“不仅将加重韩方财政负担，而且可能动摇两国联盟的根基”。 据新华社</br>　　■中方反应</br>　　敦促停止有关部署进程</br>　　北京晨报讯(记者 韩娜)据报道，韩国乐天集团已与韩军方协商一致，同意以土地置换方式将星州乐天高尔夫球场作为“萨德”反导系统基地。外交部发言人耿爽昨天就此表示，再次敦促有关方面正视中方合理关切，停止有关部署进程。中方将坚决采取必要措施维护自身安全利益。</br>　　耿爽指出，美国在韩国部署“萨德”反导系统严重破坏地区战略平衡，严重损害包括中国在内的本地区有关国家战略安全利益，与维护朝鲜半岛和平稳定的努力背道而驰。中方已多次就这一问题表达关切和明确反对立场。</br>
国足2016这一年：1次奇迹、2次换帅、希望一直在,卢岩,朝鲜,中国新闻网,2016/11/16 8:10,"中新网北京11月16日电 题：国足2016这一年：1次奇迹、2次换帅、希望一直在</br>　　记者 王牧青</br>　　0-0战平卡塔尔后，中国男足国家队完成了2016年的所有比赛任务。成绩单如下：各项赛事4胜2平4负，其中世预赛2胜2平3负，12强赛至今5场不胜，进球荒已累计支378分钟。</br>　　北半球的寒冬将至，征战了一整年的国脚，即将迎来一段难得的假期。当然，广州恒大与江苏苏宁两家俱乐部的球员还有足协杯决赛的任务，假期会来得晚一些。</br>　　但总之，12月底之前，球员会彻底地放松，他们大多选择了陪伴家人。直到元旦前后，俱乐部重新升帐，又是新的赛季。但无论何时，中国足球的话题将一直继续，此时来总结国足的2016，并不会显得过于提前。</br>　　【意外】杀入12强赛：高洪波的奇迹</br>　　国足的2016年，伴随着足协宣布组织申办2023年亚洲杯的消息来临。2015年初，法国人佩兰率领的中国队在亚洲杯小组赛三战全胜，即使淘汰赛被东道主澳大利亚淘汰，佩兰的亚洲杯成绩单仍让人很满意。</br>　　但甜美的蜜月期太短暂。随着世预赛40强赛开始，佩兰的战术、选人、临场指挥等方面渐渐露出短板，2015年的9月和11月，国足接连2次被中国香港0-0逼平，出线形势岌岌可危。此后，佩兰回国休假，多家媒体言之凿凿：法国人佩兰将被足协辞退。</br>　　新的一年刚过8天，中国足协便在2天内完成了与佩兰的“最后对话”，并官方宣布了双方的工作关系正式结束。低谷中的中国男足再次开启选帅流程，当时哪知道，这却不是2016年国足唯一的一次选帅。</br>　　当时，本土教头高洪波第一时间应聘，而据说“银狐”里皮接手的可能性较大。高洪波说，作为本土教练，承担责任责无旁贷。此话现在看来，倒有了一点戏剧化的照应感。</br>　　1月19日，中国男足国奥队在U23亚洲杯小组赛三战全败，无缘里约奥运会。讽刺的是，短短1周前，中超多家俱乐部正在转会市场上演“最后的疯狂”，只要沾上“国字号”的国脚，身价动辄突破半亿人民币。</br>　　1月的倒数第二天，中国足协对外公示，共收到了来自中国和欧洲、南美、北美的18个国家共45名教练员的报名材料，熟悉的名字包括济科、普兰德利、马扎里、贝尔萨等等。</br>　　4天后，足协宣布第一个报名的高洪波将带领国足打完40强赛，即最后两场与马尔代夫和卡塔尔的比赛。因此，高洪波的职衔很长，叫做：2018世界杯预选赛小组赛中国男子足球队主教练。同时，足协的选帅工作仍继续进行。</br>　　高洪波的上任并不让人意外，大赛将至，中间还隔了春节假期。更微妙的是，当时的国足形势危急，连平中国香港队几乎丢掉了最后的面子。高洪波上任时面临的形势，与8个月后离开时惊人的类似。</br>　　大年初五，高洪波上任后的首次集训在厦门开始，他的首份名单里没有人们熟悉的郑智，后者也没参加3月的两场40强赛。不过，半年后的12强赛首战韩国，35岁的郑智不仅进了名单，还首发出场。被传许久的两人不和，也不攻自破。</br>　　3月24日，国足在武汉4球轻取马尔代夫，姜宁上演帽子戏法。5天后，“福地”西安，国足迎战已提前晋级的卡塔尔，出线的命运已不在自己手里：不仅自己要赢球，还需要其他小组至少2个竞争对手犯错。当时，人们说出线等于奇迹。</br>　　但奇迹真的发生了，高洪波带国足2-0力克卡塔尔，由于菲律宾和伊朗战胜了朝鲜和阿曼，中国男足奇迹般地时隔15年后重回世预赛亚洲区的最后一轮。从2001年10强赛到2016年的12强赛，中国足球走了15年弯路。</br>　　说句题外话，同在3月，中国女足在里约奥运会预选赛力压日本女足，与澳大利亚队一起抢得了亚足联仅有的2张入场券。2016年的3月，中国足球捷报频传。</br>　　【伏笔】12强赛初体验：惜败韩国逼平伊朗</br>　　说回男足国家队，杀入12强赛后，临危受命的主帅高洪波备受好评，谏言足协留任高洪波的呼声日益强烈。也许真的参考了“民意”，中国足协仅仅过了3天就官方宣布，高洪波留任。这一次，他的职衔终于变成了：中国男足国家队主教练。</br>　　2周后，4月中旬，国家发改委发布了《中国足球中长期发展规划》。规划近期至2020年，中期至2030年，远期展望至2050年。国家男足跻身亚洲前列，女足重返世界一流强队行列。2050年，中国全力实现足球一流强国的目标。</br>　　国足杀入12强赛，国家层面发布了一份中长期规划，中国足球似乎正走出低谷。《规划》发布的次日，12强赛抽签揭晓，中国男足与伊朗、韩国、乌兹别克斯坦、卡塔尔、叙利亚同处A组。其中，首场比赛将在9月1日打响，对手是“太极虎”韩国队。</br>　　高洪波说，中国队是在最后时刻才奇迹般杀入12强赛，这就是中国男足在小组中的定位。相比各界的期待和解签，高洪波的姿态很低。</br>　　10天后，足协公布了国家队6月份2场热身赛的安排，这是12强赛前，国足最宝贵的练兵和热身。为配合12强赛的备战，足协还在联赛期间增加了一次飞行集训。了解球员、熟悉战术，是飞行集训的主要内容。</br>　　另一块战场上，15座城市正为中国队12强赛的5场主场激烈竞争。其中，“圣地”沈阳、“福地”西安和高原昆明脱颖而出，被选为国足的前三个主场。其中，把首个主场放在2001年成功冲进世界杯的“圣地”沈阳，被寓意为“回到梦开始的地方”。</br>　　6月3日和7日，国足在秦皇岛和大连踢了2场热身赛，分别4-2战胜了特立尼达和多巴哥、0-1输给了哈萨克斯坦。其中，国青适龄球员张玉宁梅开二度，让人眼前一亮。</br>　　8月29日，中国男足25名球员乘坐包机启程前往韩国。为了12强赛，国家队的后勤保障再升级，包机只是其中之一。</br>　　在首尔世界杯球场，高洪波排出5后卫的防守阵型，却一度被韩国队3-0领先。比赛的最后15分钟，于海、蒿俊闵的进球点燃了国足的激情，2-3,，虽败犹荣。国足的12强赛开局输球，却赢得了球迷的支持和掌声。</br>　　5天后，沈阳，梦开始的地方，曾经的圣地五里河已经不复存在，国足面对伊朗闷战90分钟，0-0。替补出场的门将顾超表现中规中矩，却不知，这次换人为未来埋了个伏笔。高洪波赢得了12强赛的第一个积分、球迷期待的是1个月后主场吃掉叙利亚，然后去客场死拼乌兹别克斯坦：理想的话，排名能接近小组第三？</br>　　【转折】高洪波下、里皮上：希望一直在</br>　　平伊朗，竟是高洪波留给12强赛的最后一个积分，国足在西安败给叙利亚，门将顾超的一次出击失误直接导致丢球，国足0-1饮恨输球，出线形势急转直下。赛后，选择顾超首发的决定被认为是高洪波的一大败笔；而进攻端连续两场交出白卷，也被诟病不少。</br>　　兵败西安赛前有段插曲：由于训练场的草地无法满足训练要求，国足的比赛一度可能临时易地。好在西安方面及时解决了场地问题，没影响到比赛。但是，国足的赛前集训被安排在了武汉，直到赛前3天才抵达西安。</br>　　当然，提出场地问题并不是为国足开脱。因为短短5天后，在乌兹别克斯坦首都塔什干，国足全场被动2球完败。连输2场后，中国队积分小组垫底。比赛的大部分时间，高洪波在场边默默站着，他没能力挽狂澜。</br>　　赛后发布会上，高洪波在开场白部分直接表态为失败负责，主动请辞，并暗示足协高层赛前与他有过暗示性的谈话。言罢，他起身径直离开新闻发布厅，留给所有人惊愕的表情，包括听不懂中文的亚足联新闻官。</br>　　当晚，国足下榻酒店大堂，足协掌门蔡振华与高洪波没有言语交流。2天后，中国足协新闻通气，蔡振华表态绝无赛前暗示高洪波辞职的说法，同时开启选帅程序——短短9个月内的第二次。</br>　　距离在昆明迎战卡塔尔只剩不到一个月，“银狐”里皮终于被官方确认为中国男足的新一任主帅。短时间内，里皮重拾执教恒大时的阵型的理念，召回了包括郑智在内的“老部下”。</br>　　2016年国足的最后一场比赛，里皮首秀，国足场面上压倒性优势，却无奈运气不好、临门一脚欠佳，0-0惜平卡塔尔。尽管没能赢球，但比赛过程的优势，包括地面传控进攻的流畅，里皮的处子秀备受好评。比赛进行到53分钟，昆明全场球迷高喊“里皮！里皮！”</br>　　赛后，各家评论几乎一边倒地提出，里皮让国足看到了希望。卡塔尔队主帅福萨蒂略带恭维意味地说：“如果照这个水平发挥，中国队可以晋级世界杯。”</br>　　整个2016年里，从寄希望40强赛最后的奇迹，到惜败韩国、逼平伊朗之后的自信，国足从来没缺少过希望。但如何把希望转换成赢球，把梦想照进现实，即将到来的2017年，“史上最大牌”的里皮能做到吗？(完)</br>"
韩青瓦台高官赴美 与特朗普交接团队商讨安全政策,何路曼,朝鲜,中国新闻网,2016/11/16 14:25,中新网11月16日电 据韩媒报道，韩国青瓦台国家安全室第一次长赵太庸16日访问美国，同美国候任总统特朗普方面进行政策磋商。</br>　　据报道，赵太庸说，此行他将同特朗普交接团队的核心人士会面。至于具体将与哪些人士见面，他说，因目前时局敏感，今后会有机会公布同美方协商的结果。</br>　　关于双方商讨的议题，他说，首先韩方将明确表明韩美同盟关系对两国都很重要，且对两国均有利，双方将就韩美同盟相关的重要事宜进行协商。</br>　　赵太庸指出，其次，面对日益严峻的朝核问题，双方将就通过紧密合作寻求解决方案等进行商讨。另外，双方还将就经贸关系进行具体讨论。</br>　　据悉，赵太庸率领的政府高层工作代表团将于16日至19日访问美国，同特朗普方面就韩美同盟关系、朝鲜和朝核问题对策进行协调。</br>
文化部原副部长、党组成员吕志先逝世,刘欢,朝鲜,新华网,2016/11/16 15:29,新华社北京11月16日电 原对外文化联络委员会副主任、党组成员，文化部原副部长、党组成员吕志先同志(部长级待遇)，于2016年10月31日因病医治无效在北京逝世，享年99岁。</br>　　吕志先同志病重期间和逝世后，中央有关领导同志以不同方式表示慰问和哀悼。</br>　　吕志先，曾用名姚琬卿，1917年7月生于广东省平远县。1936年10月加入中国共产党。1938年在东北军第57军112师秘密建立党支部，为东北军与八路军联合抗日做工作。1940年9月到中共山东分局开展根据地武装斗争工作。1945年8月至1949年5月，先后任鲁南区党委秘书长，中共徐州市委委员、副市长，华东南下干部纵队第五大队政委等。1949年5月起先后任中共嘉兴市委书记、嘉兴市军事管制委员会主任等。1951年3月起先后任中共温州地委书记，中共浙江省委常委兼宣传部部长、省委秘书长、金华地委第一书记，杭州大学校长、党委书记等。1965年1月任驻毛里塔尼亚共和国首任特命全权大使。“文化大革命”期间受冲击。1970年6月起相继出任驻匈牙利、刚果共和国、朝鲜民主主义人民共和国特命全权大使。1981年3月任对外文化联络委员会副主任、党组成员。1982年5月，任文化部副部长、党组成员。2001年离休。</br>
中方再次敦促停止部署萨德 将坚决采取必要措施,王忠会,朝鲜,外交部网站,2016/11/16 16:56,问：据报道，今天下午，“百名红通人员”头号嫌犯杨秀珠从美国回国投案自首了。你能否介绍有关情况？</br>　　答：11月16日下午，涉嫌贪污贿赂犯罪的杨秀珠从美国回国投案自首。</br>　　杨秀珠2003年畏罪潜逃境外，先后窜逃多个国家，2014年5月逃往美国。中美双方通过执法合作联合联络小组(JLG)反腐败工作组开展沟通合作，最终促成杨秀珠在外逃13年后主动回国投案自首。杨秀珠归案是中美反腐败执法合作的重要成果，中方对美方及有关国家所给予的协助和配合表示赞赏和感谢。</br>　　中美在杨秀珠案等一系列案件上的执法合作成功实践表明，腐败是国际社会的共同敌人，以“零容忍”、“零漏洞”、“零障碍”原则开展反腐败执法合作越来越成为国际共识，国际社会反腐败执法合作越来越富有成果。中国政府将继续同有关国家合作，为将外逃腐败分子缉拿归案作出不懈努力。</br>　　问：据日本媒体报道，日本政府15日决定向派往南苏丹参与联合国维和行动的陆上自卫队赋予基于安保法的“驰援护卫”新任务。中方对此有何评论？</br>　　答：由于历史原因，日本在军事安全领域有关动向理所当然地受到亚洲邻国和国际社会的密切关注。我们希望日方恪守坚持走和平发展道路的承诺，为维护地区和世界的和平稳定真正发挥积极、建设性作用。</br>　　关于你提到的日方参与联合国维和行动，中方乐见有政治意愿和能力的国家根据《联合国宪章》的宗旨和原则以及维和行动有关准则参与联合国维和行动，但有关参与须根据安理会明确授权，在联合国统一指挥下开展。</br>　　问：美方此前扣押杨秀珠是不是应中国政府要求？既然杨秀珠已被扣押，中方为何还要将其列为“百名红通人员”？</br>　　答：关于杨秀珠回国投案自首，中央纪委监察部网站已经发布了比较详细的消息，我建议你上网查询一下。</br>　　问：据报道，韩国乐天集团已与韩军方协商一致，同意以土地置换方式将星州乐天高尔夫球场作为“萨德”反导系统基地。中方对此有何评论？</br>　　答：中方注意到有关消息。美国在韩国部署“萨德”反导系统严重破坏地区战略平衡，严重损害包括中国在内的本地区有关国家战略安全利益，与维护朝鲜半岛和平稳定的努力背道而驰。中方已多次就这一问题表达关切和明确反对立场。我们再次敦促有关方面正视中方合理关切，停止有关部署进程。中方将坚决采取必要措施维护自身安全利益。</br>
韩助力美日打造三角同盟 民众抗议对日“卖国协定”,郭炘蔚,朝鲜,环球时报,2016/11/15 8:35,【环球时报驻韩国特约记者 曾欣 环球时报特约记者 卢戈 环球时报记者 吴志伟】韩国与日本14日下午在东京草签《军事情报保护协定》(GSOMIA)，此事在韩国引发巨大反弹。韩国在野党14日要求就此弹劾防长韩民求，民间组织也在首尔市中心举行抗议，抨击“卖国协定”。上海交通大学环太平洋研究中心主任王少普对《环球时报》记者表示，《军事情报保护协定》是战后日韩签署的第一个军事协定。此次日韩签署协定草案，很大程度上是美国在推动，美国不满足于现有的美韩、美日两个军事同盟，希望打造一个美日韩三角军事同盟，在东北亚形成“小北约”。</br>　　据韩联社报道，韩日国防部官员14日在东京召开的GSOMIA第三轮工作会议中草签协定。韩国国防部当天在说明材料中说，韩日GSOMIA将对韩国获得朝鲜潜射弹道导弹情报提供实际帮助，日本的情报力量可为韩国安全利益服务。根据韩美日三国2014年达成的情报共享协议，韩日两国一直通过美国互换涉朝核导情报，签署GSOMIA后，两国将得以迅速地直接共享情报。</br>　　韩日在完成草签后，没有安排后续的工作会议。韩国JTBC综合频道认为，这意味着协定已谈成，只剩下走程序。该协定还将经过韩国国内法制处审议、国务会议表决通过以及总统许可，最终协定可能在本月内签署。</br>　　韩联社称，韩国国防部长官韩民求14日被问及美国是否在上月召开的韩美安保会议上就日韩签署协定施加压力，韩民求表示安保会未讨论此事，他还否认协定签署后韩国将加入美国主导的全球反导体系(MD)。</br>　　韩日草签GSOMIA在韩国引起巨大争议。韩国《首尔新闻》称，韩国最大在野党共同民主党国会领袖禹相虎14日表示，在目前混乱时局下，国防部执意要与日本草签GSOMIA，“试问，你们的脑子正常吗？”他还说，将针对防长韩民求发起解任或弹劾程序。第二大在野党国民之党国会领袖朴智元也表示，将与共同民主党协商举行三大在野党联合会谈，商议弹劾防长一事。军官出身的国民之党议员金中鲁14日表示，日本至今未对历史彻底反省，近年来还逐步向“可发动战争的国家”靠近。在这种背景下，韩国政府积极与日本签署GSOMIA，让人费解。</br>　　韩国JTBC综合频道称，在野党认为，政府趁着“崔顺实干政风波”引发的时局混乱，与日本草草签署协定。更令人担忧的是，政府还想趁乱解决“萨德”部署场地等问题，届时恐会接连引发外交、安保等领域的抨击与争议。</br>　　韩国民间反对GSOMIA的情绪也高涨。韩国news1通讯社称，市民团体“打开和平与统一的人们”(简称为“平统人”)14日上午在光化门召开记者会并举行抗议活动，要求政府立即停止签署具有卖国性质的军事协定。“平统人”表示，韩日军事协定将给日本行使自卫权、先发打击朝鲜等军事行动提供支持，等于帮日本开辟了再次践踏朝鲜半岛的掠夺之路，并且会被认为是“韩国加入美日对华包围圈”之举，“等同于将国家自主独立卖给美日”。</br>　　日本方面则对韩日草签协定表示欢迎。日本内阁官房长官菅义伟14日表示：“在应对朝鲜核与导弹问题时日韩展开合作非常重要，希望两国早日签署该协定，并推动相关的安全保障合作继续前进。”有日本右翼媒体称，日韩草签该协定意味着，在地区安全形势发生变化时，日本抓住了非常重要的机遇，与韩国重建信任，将使得日本在朝鲜半岛和东北亚的外交更有力，特别是“能牵制中国在朝鲜半岛问题上的立场”，迫使中方“改变强硬的做法”。</br>　　王少普14日对《环球时报》记者表示，冷战后韩日曾就《军事情报保护协定》折腾了好几次，此前都因韩国国内的反对一再流产。当前朝鲜加强发展核武器和导弹，在韩国造成某种担忧与恐惧，另外朴槿惠政权摇摇欲坠，美日利用这种局面和势头推动韩国完成这项协定。促成韩日达成军事协定意在形成美日韩三角同盟，这会威胁到包括中国在内的东北亚相当一部分国家的安全，破坏东北亚战略平衡，必将招致相关国家采取反制措施。</br>
特朗普或撤回允许日本拥核言论 称“从未说过”,吴倩,朝鲜,中国新闻网,2016/11/15 9:16,中新网11月15日电 据外媒报道，美国新当选总统特朗普在选举时曾经表示允许日本等国持有核武器，但他日前在推特上写道“未曾说过”，因此有分析指出，他有可能撤回了自己以前的发言。</br>　　据报道，特朗普在今年3月参加美国共和党总统选举候选人提名争夺战、接受美国重要媒体《纽约时报》的采访时表示，为了应对朝鲜半岛核问题，允许日本和韩国持有核武器。</br>　　但是，特朗普于本月13日在自己的推特上对此做出了否定，他写道：“《纽约时报》报道说，我坚信应该有更多国家持有核武器。这太不诚实了。我从未说过这样的话。”</br>　　特朗普在选战中表示，将要求增加驻日美军相关费用的日方负担额。包括特朗普此番发言在内，他的真实对日立场究竟如何，广受关注。</br>
军媒谈歼20等尖端武器曝光：不能被喜悦冲昏头脑,高辰,朝鲜,中国国防报,2016/11/15 9:18,倚天万里有干城</br>　　马洪才</br>　　珠海航展，“歼-20”战机惊艳亮相，纵贯长空后神秘而优雅地消失于天际。虽是惊鸿一瞥，却燃爆全场，惊讶、赞叹、欢呼不绝于耳。观众和军迷对“国防利器”的如痴如醉，蕴含着畅快淋漓的自豪感和真挚淳朴的爱国情怀。</br>　　驻足回望，从1996年至今，珠海航展已走过了20个年头。从过去军事强国对是否参展还抱有迟疑态度，到如今吸引42个国家和地区、700余家参展商竞相参与；从国外飞机唱主角到国产战机、武器装备琳琅满目、备受关注，珠海航展见证了国产武器装备研制水平一次又一次飞跃。航展已然闭幕，但抢尽风头的“20家族”、人丁兴旺的“无人机家族”等一系列我国自主研制的尖端装备却成为各国军事专家和广大军迷的热门话题，甚至有评论认为，以“歼-20”战机为代表的众多利器彻底结束了中国500年来器不如人的时代。</br>　　“拔剑平四海，横戈却万夫”。历史证明，一个国家没有强大的国防工业、没有先进的武器装备，国防必定会疲软，国家安全就得不到保障。1840年的鸦片战争，列强撬开了中国的大门，在坚船利炮面前，旧中国“器不如人”，有国无防，任人宰割。从洋务运动开始，中国人师夷长技，学西方器物以打造国之利器，但列强不可能把先进的国防科技传授给中国，我们只能在其后亦步亦趋。直至新中国成立后，面对美苏大国的核讹诈，我们硬是在经济极端困难的情况下成功发展了“两弹一星”，中国国防才开始有了一把把“倚天长剑”。及至今日，我们自主研发生产的以“歼-20”战机为代表的中国新一代国防武器装备，用优良的战技性能赢得各国军事专家的广泛关注，赢得所有友好国家和一切竞争对手的尊重，更对那些居心叵测的“潜在之敌”起到了震慑作用。</br>　　倚天万里有干城，是国家之幸，是人民之福。国之干城，不仅是御敌的武器装备，更是国家主权、领土和安全的捍卫者。 中日甲午之战，北洋水师武器装备与日军相差无几，却落得一场惨败，丧权辱国。抗日战争、解放战争乃至朝鲜战争，面对武器装备远优于我们的日军、国军和美军，人民军队在中国共产党的领导下，凭着小米加步枪，依然能打败强敌，赢得最后的胜利。应该看到，“歼-20”战机等尖端武器装备亮相固然可喜，也可倚仗，但更值得倚仗的干城，是开拓创新、勇于攻坚的研发团队，是“有灵魂、有本事、有血性、有品德”的新一代革命军人，是“听党指挥、能打胜仗、作风优良”的人民军队。</br>　　精兵利器，势勇雷霆，“人器合一”才是强大国防的最高境界。此次珠海航展，我们在为“歼-20”战机等尖端武器欢呼的同时，也不能被喜悦冲昏头脑，应冷静思考，谦虚谨慎，在“先进装备”和“打赢人才”两个方面有更大的发展，为中国梦早日实现提供更加坚强有力的安全保障。</br>
“老街巷，小故事”：韩国华侨历史图片展在北京举行,佚名,朝鲜,中国新闻网,2016/11/17 21:40,中新社北京11月17日电 (周欣嫒)17日，由中国华侨历史学会、韩国仁川大学、清华大学华商研究中心、清华大学图书馆共同主办的《仁川中华街照片展：老街巷，小故事》图片展在北京开幕。</br>　　展览共展出关于韩国华侨历史和生活的照片200张，档案实物资料20余件。所有展品由仁川华侨协会及仁川大学中国学术院在大量历史资料中发掘、整理，耗时近四年筛选而来，对探究韩国华侨、中国城、东亚贸易史具有极为重要的意义。</br>　　仁川大学校长赵东成介绍，仁川位于连接中国和日本的中心地带，一直以来都是通往朝鲜半岛的大门。仁川大学坐落在仁川西海岸，直面中国大陆，是韩国离中国最近的大学。他表示，“仁川大学以中国研究作为最优先课题，在华侨研究领域取得了丰硕成果，将成果与中国的研究者共享，这种机会难能可贵。”</br>　　中国华侨华人历史学会副会长张春旺称，本次图片展堪称韩国华侨华人历史的缩影。“长期以来，在韩国的华侨华人发扬中华民族吃苦耐劳、勤勉敬业的精神，积极融入当地社会，展现自身丰富的文化特色，书写了韩国华侨华人的奋斗史、生活史、文化史，这个展览是我们了解他们的重要窗口。”</br>　　清华大学图书馆馆长邓景康表示，清华大学图书馆与清华大学华商研究中心共同建立了研究型华商特藏，广泛收集海外华侨华人华商资料，以及中华文化在海外传播流传的档案、文献。他相信，本次展览能让中国民众更好地了解在韩华侨的生活，进一步加强中韩文化交流、促进中韩关系友好。</br>　　展览位于清华大学图书馆李文正馆，自11月17日起，至12月7日结束。(完)</br>
韩日火速草签军事情报共享协定 中国面临威胁,叶攀,韩国,人民网,2016/11/17 7:00,韩日火速草签军事情报共享协定 专家：韩引狼入室</br>　　人民网北京11月16日电 (邱越)14日，韩国和日本政府草签了《军事情报保护协定》。如该协定正式签署，这将是两国自第二次世界大战结束后签署的首份军事合作协定。军事专家张军社在接受人民网采访时表示，若该协定正式签署，日韩两国将绕过美国直接共享情报，这对日美两国是重大利好消息，但对韩国而言则如同饮鸩止渴、引狼入室。该协定可能破坏朝鲜半岛的和平稳定，对整个东北亚地区的和平稳定也会带来不利影响。</br>　　日韩将绕过美国共享情报</br>　　据韩国《中央日报》15日报道，韩国希望利用日本的侦察卫星和雷达等尖端装备获取情报；而对日本来说，则可利用韩国传统人工收集的情报。</br>　　目前，韩美、日美之间分别缔结有《军事情报保护协定》，不过韩日两国交换军事情报需要通过美国这个“中转站”，双方之间并无“直航”。</br>　　张军社指出，日本具有先进的军事科技，可凭借其先进的侦察卫星和雷达等尖端装备获得朝鲜核试验和导弹发射等情报信息，而韩国凭借地理优势，可获得更多由特工、间谍人员等获得的第一手人工情报。日本和韩国一旦签署《军事情报保护协定》，双方将可以绕过美国直接交换军事情报。</br>　　美极力促成日韩军事合作 韩转嫁国内压力</br>　　有媒体报道指出，军事合作在韩日两国合作中属敏感范畴，一方面缘于日本1910年至1945年在朝鲜半岛推行殖民统治的历史，另一方面缘于双方现在的领土争议。在历史和领土问题均未解决的情况下，韩国政府推动签署军事情报方面协定一直面临重重阻力。2012年6月29日，韩国政府甚至在原定协定签署日当天“紧急叫停”。</br>　　此次日韩两国“火速”草签《军事情报保护协定》，从韩方宣布重启有关协定谈判到协定草签仅用了十几天。据称，双方还将力争在完成国内手续后，于11月底前正式签署协定。</br>　　一个多年无法的协定如今为何在短短十几天便得以尘埃落定？背后缘由耐人寻味。</br>　　据张军社介绍，二战结束以来，日本从未对其在二战期间对东北亚各国所犯下的罪行作出深刻反省。虽然美、日方面一直在努力促成日韩签订《军事情报保护协定》，而韩国国内的反对声音一直十分强烈。韩国民众唯恐日本军国主义死灰复燃，再次践踏朝鲜半岛。此次日韩“火速”草签《军事情报保护协定》，原因是多方面的。从韩国方面看，目前朴槿惠政府深陷“闺蜜门”事件难以自拔，韩国内部面临着严重的政治危机。韩国此时与日本签署军事合作，可以转移国内视线，转嫁危机，减轻“闺蜜门”事件给朴槿惠政府带来的压力。此外，由于韩国同意美国在韩部署“萨德”反导系统，导致韩国与中国、俄罗斯等邻国矛盾加深，所以韩国选择加强与日本之前的合作，某种程度上也能减轻周边国家对其造成的压力。另外，美国对促成日韩签署《军事情报保护协定》非常积极。美国一直希望它的两个亚太盟友加强军事合作，但日韩两国因为历史问题长期貌合神离。若日韩最终正式签署《军事情报保护协定》，无疑是美国“亚太再平衡”战略的重要成果，有利于实现美国拉日韩两国构建东北亚“小北约”的构想。</br>　　上海外国语大学国际关系与公共事务学院特约研究员马尧在接受媒体采访时表示，长期以来，美国构建美日韩三边军事合作的主要障碍在韩国，而韩日军事合作方面的进展意味着三边军事合作的障碍或将不复存在，这是“韩日在军事领域合作的分水岭”。</br>　　韩国将成最大受害者 不利东北亚局势稳定</br>　　日韩若签署《军事情报保护协定》，对日本和美国而言，显然都是重大利好消息。</br>　　张军社指出，日本未来可以以朝鲜危机为幌子，趁机介入朝鲜半岛事务，扩大其在朝鲜半岛事务中的话语权，进而提升其在东北亚局势中的影响力。对美国而言，日韩两国更紧密的军事合作有利于其进一步控制这两个盟国，为其“亚太再平衡”战略服务，实现其控制东亚的目标，进而实现维护其地区霸权的目的。</br>　　2016年3月，日本新安保法正式实施，使日本获得了从平时到“有事”时、从本土到周边再到全球自由对外使用武力的权限，从而使日本绕过和平宪法束缚，初步实现长期追求的“军事正常化”目标。</br>　　若日韩签订《军事情报保护协定》，“则为日本介入朝鲜半岛事务打开了一个通道，这对韩国而言无异于饮鸩止渴、引狼入室，韩国将成为最大的受害者。”张军社如是说，韩国政府为了转移“闺蜜门”事件的压力，同时响应美国的号召，抵抗中国和俄罗斯对“萨德”入韩的反对，将日本拉拢过来，表面看是为了对付朝鲜，实际上是在帮助美国在亚太构建军事同盟体系，为日本插足朝鲜半岛提供条件。</br>　　张军社还说，日韩《军事情报保护协定》主要目的就是要加强有关朝鲜情报的共享，这种针对第三国的军事同盟是冷战思维的表现，必然引起朝鲜方面的激烈反应，可能破坏朝鲜半岛的和平稳定，对整个东北亚地区的和平稳定也会带来不利影响。中国作为朝鲜半岛的近邻，也可能因此面临更多安全威胁。</br>
韩日草签军事情报协定 背后有怎样的纷扰？,鲍文玉,韩国,新华网,2016/11/17 9:31,新华网北京11月17日电 韩国和日本政府14日“火速”草签《军事情报保护协定》，此时距韩国政府宣布与日方重启有关协定的谈判仅十几天。如协定正式签署，这将是两国自第二次世界大战结束后签署的首份军事合作协定。然而4年前，这份协定迫于韩国国内强烈反对在最后一刻被叫停。如今随着两国草签协定，外界预料韩国政府将再次面临国内反对声音。同时，“闺蜜门”的不断发酵也为韩国的外交和军事添上不确定因素，这份协定能在多大程度上促进日韩军事同盟、甚至美日韩军事同盟仍待观察。</br>　　【军事“分水岭”】</br>　　草签是正式签署之前的程序，表明双方就协定已达成一致。如果《军事情报保护协定》正式签署，韩日可“绕”过美国，直接共享包括朝鲜核与导弹项目等在内的军事情报。据韩国《中央日报》15日报道，韩国希望利用日本的侦察卫星和雷达等尖端装备获取情报；而对日本来说，则可利用韩国收集的传统人力情报。目前，韩美、日美之间分别缔结有《军事情报保护协定》，不过韩日两国交换军事情报需要通过美国这个“中转站”，双方之间并无“直航”。</br>　　军事合作在韩日两国合作中属敏感范畴，一方面缘于日本1910年至1945年在朝鲜半岛推行殖民统治的历史，另一方面缘于双方现有领土争议。历史与领土问题均未解决的情况下，韩国政府推动签署协定一直面临重重阻力。2012年6月29日，韩国政府甚至在原定签署协定当天“紧急叫停”该协定。</br>　　上海外国语大学国际关系与公共事务学院特约研究员马尧指出，一旦协议正式签署，将意味着韩国与其“宿敌”日本在军事领域的勾连更紧密，“是韩日在军事领域合作的分水岭”。同时，由美国构建的美日韩三边军事合作将得到推进。“长期以来，美国构建美日韩三边军事合作的主要障碍在韩国，而韩日军事合作方面的进展意味着三边军事合作的障碍或将不复存在，”马尧说。“同时需要警惕的是，此举或使东北亚局势更复杂。除了美国，没有国家能从这样恶劣的局势中获益，”他说。目前，韩日双方需完成各自国内批准程序。</br>　　日本媒体认为，双方有望在今年内正式签署该协定。真是这样吗？</br>　　【政治“不确定”】</br>　　据韩联社报道，政府接下来会将协议文本审批后提交副部长级会议、并通过国务会议和总统批准，最快将于月内正式签署协定。这个过程绕开了由在野党和无党派人士占多数的国会这一关。这也是韩国政府刻意所为。为回避国会这一环节，韩国政府常常故意把应在条约水平上签署的合作文件压低到备忘录或协定水平上。</br>　　不过，外界对此做法似乎并不买账。早在2012年，韩国在野党和许多民众就曾对这一协定反应强烈，纷纷批评政府不顾国内反对之声，有“暗箱操作”之嫌，并最终迫使政府改变主意。这一次，韩国舆论大多批评政府绕过民意进行“突袭”。韩国在野党共同民主党、国民之党、正义党都对协定签署持否定态度，并向国会提交要求中断协定的决议案。</br>　　包括《韩国时报》《中央日报》等在内的多家媒体则指出，政府急于签署这份协定是打算在总统朴槿惠“闺蜜门”吸引舆论注意之际趁乱“强行突破”。复旦大学朝鲜韩国研究中心主任郑继永还认为，目前“闺蜜门”事件已在韩国国内造成严重政治危机，民众对朴槿惠反对的呼声极高，“因此朴槿惠政府希望通过协定转嫁危机，这是突然达成草签的一个重要原因”。</br>　　“不过这样做，反而会让民众再次感到政府无视民意、无视国会，很可能引起反弹，”他说，“韩国还有人开始质疑，为何政府强推协议？这背后是否有朴槿惠‘闺蜜’崔顺实的影子？”目前，多个在野党已警告称，一旦政府签署此协定，将推动弹劾或解职国防部长官的程序。不过郑继永指出，目前韩国朝野各党都处于政治混乱中，会不会真的弹劾国防部长仍需观察。“如果协定真的签署，韩日将进一步编入美国的军事构架，让人担心会不会出现‘东北亚小北约’，”他说，“而这些协定或许就是构建‘东北亚小北约’的‘神经’，将对东北亚格局产生深远影响。”(郑昊宁)</br>
韩国总理将首次出席APEC领导人会议 朴槿惠缺席,何路曼,韩国,中国新闻网,2016/11/17 10:46,中新网11月17日电 据韩媒报道，韩国国务总理黄教安将于19日至20日访问秘鲁利马，出席亚太经合组织(APEC)领导人第二十四次非正式会议。</br>　　据报道，这是APEC领导人会议1993年启动后，韩国总理首次出席该会议，之前的会议都由总统出席。黄教安原本还计划访问阿根廷，但考虑到国内政局不稳而取消相关行程。</br>　　黄教安将在会议上提出在全球经济增长乏力、贸易保护主义抬头的情况下可采取的应对措施，具体包括实现结构调整和创新、提高服务产业竞争力、促进中小企业进军海外市场、推动亚太自贸区(FTAAP)进程等。</br>　　访问期间，黄教安将与秘鲁第一副总统马尔丁?阿尔维尔托?比斯卡拉?高尔内举行会谈，就基础设施、军工、能源、保健医疗等两国间合作事宜及朝核问题等深入交换意见。</br>　　韩国和秘鲁曾于2011年签署自由贸易协定(FTA)，黄教安今年9月在首尔与到访的比斯卡拉进行面谈。</br>　　韩国外交部本月8日宣布，韩国总统朴槿惠将缺席亚太经合组织(APEC)第二十四次领导人非正式会议。韩国外交部发言人赵俊赫当天在记者会上表示，考虑到朝鲜半岛安全状况严峻，9月份就已确定朴槿惠不参加此次APEC领导人会议。</br>　　另一方面，目前，朴槿惠深陷“亲信干政”风波，先后两次向国民道歉也未能使事件平息，民众要求朴槿惠下台的呼声四起。</br>
在韩华人成羊肉串大王：中国菜品结合当地口味,吴合琴,韩国,中国侨网,2016/11/17 11:22,中国侨网11月17日电 据韩国亚洲经济中文网报道，如今“羊肉串配青岛啤酒”已经风靡韩国，在大林、安山、水原等中国朝鲜族聚集地有着大大小小的羊肉串店。其中，在首尔及首都圈拥有6家直营店和15家加盟店的“味觉”羊肉串餐厅备受欢迎，其老板徐龙圭(音)正是众多在韩朝鲜族成功人士之一。</br>　　近日，徐龙圭在位于钟路区的一家店铺里接受了记者采访。在被问及“味觉”的成功秘诀时，徐龙圭回答道：“以韩国人为主要对象，开发了不少适合韩国人口味的菜品。”徐老板介绍称，仅羊肉串直营店的年收入额就达60亿韩元，虽然店铺面积、位置有所差别，但每个店铺的年平均收入可达7亿韩元以上，这在韩国羊肉串店铺中算是数一数二的。</br>　　出生于中国黑龙江绥化市的徐龙圭，高中毕业后进入了一家位于中国天津的韩国传呼机公司工作。1998年，徐龙圭用工作攒下来的钱在哈尔滨开了一家韩式餐馆。</br>　　在当时，朝鲜族的工资水平平均为150美元，但徐龙圭的工资可达750美元。徐龙圭周边的亲朋好友无法理解他为什么要放弃高薪工作开餐厅，并不断对其进行思想工作。但徐龙圭本人对于运营属于自己的餐厅的内心却丝毫没有动摇。儿时便对料理有着很大兴趣的徐龙圭，高中时期有着在餐厅厨房学习料理的经验。就这样不忘初心的徐龙圭在哈尔滨体育大学前开设了自己的首家餐厅，凭借老顾客的好口碑，餐厅也渐渐有了名气，每到午饭时间便座无虚席。</br>　　但受到种种影响，这家韩式餐厅没能继续经营下去。1999年末，徐龙圭搭乘飞往首尔的飞机到达韩国。此时，一切从头开始的徐龙圭从最熟悉的事开始慢慢做起，先在中餐厅学习料理，获得厨师资格证后，2001年在高德洞附近开设了以外卖为主的中国料理店，三年后又在大峙洞附近开设了内设桌椅的店铺。</br>　　就这样，解决了签证问题的徐龙圭继续在2009年于鹭梁津开设了主营辣炸酱面和海鲜面的餐馆。对辣味饮食格外青睐的韩国当地人，使得这家店的人气大增，开张仅一年月销售额就达到4000万韩元。</br>　　此时小有成就的徐龙圭又将眼光转向当时在韩国并不常见的羊肉串市场。徐龙圭决定将中国菜品和羊肉串相结合的方式运营餐馆。精心挑选肉质鲜嫩的澳洲产羊肉，利用可以去膻味的烤制方式，蘸着特制酱料，使得羊肉串吃起来更加美味。就这样第一家“味觉”羊肉串餐厅就在高丽大学附近诞生了。</br>　　随后，“味觉”生意更加红火，在钟路、板桥等地陆续设立多家直营店以及15家加盟店。此外，徐龙圭还表示：“未来3年内在全国拥有200家店是我的目标。考虑到消费者口味会不断变化，现有只要一有时间我就会亲自去厨房里开发新菜单。”(孙晨)</br>
女检察官用微信“聊回”贪污220万余元外逃人员,高辰,朝鲜,法制日报,2016/11/17 11:29,"□　本报记者　张淑秋</br>　　吉林某公司的出纳为满足个人欲望,贪污公司220万余元并畏罪潜逃到国外,办理此案的女检察官只用微信便将其“聊回”国内并自首。</br>　　“事发时马上就到国庆节了,而我的国庆节,都是跟朴某的聊天中度过的。”吉林省延边朝鲜族自治州和龙市人民检察院检察官李尚女说。</br>　　9月27日,吉林省某公司的会计孙某发现,公司出纳朴某(女)已经好几天没上班了,便打电话联系朴某,发现电话无法接通,去朴某家里也找不到人,孙某便以人口失踪向公安部门报案。9月28日,孙某发现公司有220万余元的账目有问题,怀疑朴某涉嫌贪污便向和龙市检察院报案。</br>　　负责办理此案的李尚女介绍,接到报案后,检察院立即展开侦查。一组侦查人员调查朴某和家庭成员的银行、房产、车辆以及公司财务状况等,另外一组侦查人员调取朴某通话记录和出行轨迹等,发现朴某和其丈夫、婆婆于9月23日经延吉去了韩国。</br>　　“畏罪潜逃到境外,这对我们办案来说有很多困难,所以我想方设法与她取得联系。”李尚女说,她通过微信添加朴某为好友,但没得到回应,于是李尚女通过朴某的亲属以及朴某丈夫的亲属“捎话”,希望朴某尽快与自己取得联系。</br>　　“在国庆节之前,朴某终于通过了我的微信好友验证,我开始了对她的劝说。”李尚女表明身份后,从朴某不幸的童年开始像朋友一样聊天,当得知朴某因为怀孕并患有严重的糖尿病和涉嫌犯罪等原因产生自杀的想法,李尚女通过体贴入微的关心和耐心交流,使朴某最终放弃了自杀的念头。</br>　　“后来我俩像朋友一样,一天接不到对方的信息,总感觉缺少点什么。慢慢地她对我的依赖越来越重,于是我就劝她回国自首。”李尚女说,她找出法律的相关知识,让朴某正确认识到自己的错误,并很快突破了朴某的心理防线。10月9日,朴某从韩国返回国内,并于当日下午到和龙市检察院投案自首。</br>　　经调查,朴某在公司担任出纳期间,利用职务之便,通过把单位对公账户的钱转到自己银行卡和现金取款等方式,窃取单位欠款220万余元。</br>　　“由于朴某从小生活贫困,她对物质生活十分渴望,而工资不高的她便把目光瞄向了单位的资金,这些钱多数都挥霍在家里装修和家具上了。”李尚女说,朴某买了一套140多平方米的房子,装修十分高档,仅家里的被褥就多达40多套,价格不菲。</br>　　从2014年朴某结婚开始动用单位的钱,直到案发,朴某相当于1天花销1000多元。很多办案人员都不相信,可到银行一查账,发现朴某真的没有额外存款,全都挥霍了。</br>　　10月18日,朴某生了一个女孩,如今朴某被取保候审,案件还在进一步侦查中。</br>"
中国将举办2016全球残疾青少年IT挑战赛,佚名,朝鲜,中国新闻网,2016/11/17 18:47,中新网北京11月17日电(记者 张希敏)中国残疾人联合会17日在北京召开新闻发布会称，2016全球残疾青少年IT挑战赛(简称“大赛”)将于11月21日至25日在江苏省扬州市举行。</br>　　该项大赛由中国残联、康复国际和韩国康复协会共同主办、江苏省扬州市人民政府承办，联合国教科文组织和中国互联网发展基金会协办。</br>　　大赛将有来自16个国家的听力残疾、视力残疾、肢体残疾和智力残疾的105名青少年选手参加，比赛包括电子工具、电子设计、电子生活地图及电子编程创新等四个竞赛项目，同期还将举行IT论坛及符合青少年特点的文化活动。</br>　　中国残联表示，中国代表团是本次参赛的最大代表团，由63人组成，其中参赛选手28名，男选手23人，女选手5人，选手将参加所有项目的竞技。同时，英国萧伯纳基金会、朝鲜残疾人保护联盟代表将作为观察员观摩比赛。</br>　　据介绍，该项国际赛事已成功举办5届，旨在通过鼓励残疾青少年学习和掌握现代信息技术，推动残疾青少年教育和就业，促进残疾人平等参与，共享经济社会成果。</br>　　据悉，张海迪作为本次大赛主办方中国残联主席和康复国际主席的双重身份出席大赛，不仅体现中国残联对残疾青少年教育就业的重视，也体现了张海迪履职康复国际的积极态度和作为。(完)</br>
外交部就马来总理访华、涉朝煤炭出口等答问,刘欢,朝鲜,外交部网站 ,2016/10/31 18:23,</br>　　问：10月28日，第71届联合国大会投票选举2017至2019年度人权理事会成员，中国以180票当选，请问中国政府对此有何评价？</br>　　答：10月28日，第71届联合国大会投票选举2017至2019年度人权理事会成员，中国以180票高票成功连任，这是自人权理事会成立以来中国第四次当选。</br>　　中国成功连任人权理事会成员，充分说明了国际社会对中国人权事业发展成就和积极参与国际人权交流与合作的肯定，也为中国深入参与国际人权合作提供了重要的平台。</br>　　中国将以此为契机，继续秉持平等互信、包容互鉴、合作共赢的精神，全面深入参与全球人权治理，认真履行国际人权义务，积极推进对外人权交流与合作，为国际人权事业作出更大贡献。</br>　　问：有报道称，中国海警允许菲律宾渔民到黄岩岛附近捕鱼。中方就此向菲方提出了什么条件？是允许他们每天、每周还是永久性地在此捕鱼？</br>　　答：中方对黄岩岛一直行使正常管辖，有关情况没有也不会发生变化。</br>　　当前，以杜特尔特总统访华为标志，中菲关系得到全面改善。在这样的形势下，针对杜特尔特总统关心的问题，中方基于中菲友好情谊作出妥善安排。</br>　　问：请介绍中国政府叙利亚问题特使解晓岩访问欧洲和俄罗斯的情况。他此行与哪些官员举行了会见，在叙利亚问题上达成了哪些共识？</br>　　答：10月17日至28日，中国政府叙利亚问题特使解晓岩先后访问了英国、法国、欧盟、德国和俄罗斯，分别会见了英国外交部政务次官埃尔伍德、英国外交部政治总司长巴罗、法国外交部中东北非司长博纳丰、法国叙利亚问题特使热莱、欧盟对外行动署秘书长施密特、副秘书长贝里亚德、德国外交部政治三司总司长施帕瓦瑟、俄罗斯外交部中东北非局局长维尔什宁等有关官员。此外，解晓岩特使还与有关国家前政要、智库学者座谈，并在巴黎和莫斯科分别同叙利亚反对派人士和叙利亚政府代表进行了接触。</br>　　上述会见中，解晓岩特使主要就叙利亚问题最新形势发展同有关方面交换了看法，阐述了中方在叙利亚问题上的原则立场，强调叙利亚问题只能通过政治途径解决，国际社会应该保持团结，加强沟通，求同存异，支持联合国发挥斡旋主渠道的作用，为继续推进叙利亚问题政治解决共同作出努力。</br></br>问：请介绍马来西亚总理纳吉布访华有关情况。</br>　　答：应国务院总理李克强邀请，马来西亚总理纳吉布将于10月31日至11月6日对中国进行正式访问。此访期间，习近平主席、李克强总理、张德江委员长将分别同他会见、会谈。两国领导人将就中马关系及共同关心的问题深入交换意见，并出席双边合作文件签字仪式。</br>　　纳吉布总理曾多次访华，此访是他担任马来西亚总理以来第三次访华，中马双方都高度重视。我们相信，纳吉布总理此访将进一步增进双方战略互信，深化中马友好，推动两国全面战略伙伴关系再上新台阶。</br>　　追问：此访期间，双方将签署哪些协议？</br>　　纳吉布总理将同中方领导人举行会见、会谈并出席双边合作文件签字仪式。至于具体有哪些合作协议，目前我还没有可以提供的信息。我想指出的是，马来西亚是中国周边重要合作伙伴。近年来，中马关系保持良好发展势头，双方在经贸、投资、金融等领域务实合作成果丰硕，人文交流日益深化，相信有关文件将涵盖中马合作的方方面面。</br>　　问：请介绍美国常务副国务卿布林肯来华参加中美战略安全对话会有关情况。另，关于联合国安理会讨论涉朝煤炭出口问题，目前有无进展？</br>　　答：王毅外长29日在北京会见来华参加中美战略安全对话会间会的美国常务副国务卿布林肯，有关情况我们已经发布了消息。</br>　　王毅外长欢迎布林肯常务副国务卿在美国大选前夕来访。王部长表示，上个月习近平主席与奥巴马总统在二十国集团领导人杭州峰会期间成功举行“西湖长谈”。双方达成的最重要共识是，珍惜过去8年来中美关系取得的积极进展，继续保持战略对话，深化互利合作，建设性管控分歧，共同把一个健康稳定的中美关系带给美国新一届政府。中方愿与美方共同努力，认真落实上述重要共识，为中美关系注入更多正能量，使其继续沿着构建新型大国关系的正确道路向前发展。</br>　　布林肯常务副国务卿表示，美方同样认为两国元首杭州会晤富有成果。奥巴马总统期待与习近平主席在11月利马亚太经合组织领导人非正式会议期间再次会晤。美方愿与中方合力推动美中关系取得更多进展，为美政府换届后两国关系继续发展打下坚实基础。</br>　　双方还就朝鲜半岛核问题等共同关心的国际和地区议题交换了意见。</br>　　关于安理会讨论有关涉朝决议问题，我们已多次介绍了中方有关立场。中方一贯坚持半岛无核化，坚持维护半岛和平稳定，坚持通过对话谈判解决有关问题，这符合有关各方的共同利益。我们认为，安理会的行动应有助于实现上述目标，同时不应损害各方同朝方的正常经贸合作与往来。中方正本着负责任和建设性的态度，与安理会各方就有关问题保持密切沟通。</br></br>　　问：西班牙代理首相拉霍伊29日在议会信任投票中获胜。拉将连任首相，其所属人民党将组建少数党政府。报道称，西班牙结束长达10个月的政治僵局。中方对此有何评论？</br>　　答：中方对拉霍伊连任西班牙首相表示祝贺，希望西班牙政治稳定，经济发展，人民幸福。中方高度重视中西关系，愿同西新政府一道，进一步增进政治互信，扩大各领域务实合作，推动中西全面战略伙伴关系不断向前发展。</br>　　问：德国副总理加布里尔日前在德媒体刊文称，中国正以获取关键战略性重要技术为目的对德企进行投资和收购，但欧洲国家对华直接投资却受到阻碍。中方对此有何回应？</br>　　答：我们注意到德国媒体的有关报道。我想指出的是，中欧发展阶段不同，经济发展模式和管理模式也不相同，但中国政府始终致力于不断扩大对外开放水平，我们欢迎和吸引外商投资的政策没有改变，愿为包括德国企业在内的国内外投资者营造一视同仁、公开透明的良好投资环境。同时，我们也鼓励中国企业本着互利互惠、合作共赢精神，按照市场原则和国际通行惯例，在遵守当地法律的基础上开展对外投资合作。</br>
韩媒：朴槿惠已丧失道德权威 成为“植物人总统”,于晓,韩国,环球时报,2016/10/29 4:03,【环球时报驻韩国、日本、德国、加拿大记者 王伟 李珍 蓝雅歌 青木 陶短房】对于民众高涨的反对声音，朴槿惠在25日发表致歉声明之后陷入沉默。27日，朴槿惠出席在釜山举行的“第四届地方政府日”纪念仪式，但她只字未提“崔顺实门”相关的内容。韩国纽西斯通讯社28日称，虽然面临众多指责，但青瓦台相关人士当天表示，朴槿惠正在为消除民众不安、坚定治国理政而深思熟虑。报道称，此番言论表明，虽然外界有将总统部分权力转移给总理的建议，但朴槿惠并不为所动。</br>　　韩国《中央日报》28日发表社论称，“崔顺实门”丑闻像巨大的海啸一样席卷韩国，原本应该严肃的国家纲纪，现在成为百姓街头巷尾嘲笑的谈资。沸腾的民意处于爆发状态。目前韩国面临朝核和经济增长动力消失的双重危机，原本应该一丝不乱指挥国家运转的青瓦台，现在因为自己的不道德和腐败，陷入瘫痪状态。朴槿惠现在已经完全丧失了作为国政运营和国家最高负责人的道德权威和正当性，成为“植物人总统”。世界正对韩国执政权力投来嘲弄的目光。</br>　　“这可能朴槿惠执政以来最大的危机”，德国柏林东亚问题学者夫罗里扬28日对 《环球时报》记者表示，韩国总统历来在任期快结束或卸任后都会陷入各种丑闻困扰。尤其近来韩国经济和外交都遭遇挫折，民众的担忧也在增加。在这个时候，尤其是朴槿惠作为东亚国家中比较少见的女性领导人，会面临更大的压力，今后肯定会命运多舛。</br>　　夫罗里扬称，二战以来，成为国家领导人的女性人数不断增加。在11月的美国大选中，希拉里获胜的可能性非常大。如果此事成真，在西方三个最大经济体美英德，女性都将成为领导人，这也是具有历史意义的时刻。与西方相比，亚洲也出现了一些女性领导人，比如缅甸民盟主席昂山素季、韩国总统朴槿惠等。但总的来说，东方女性大多数是在家庭的政治影响下而成为领导人的，她们当领导人遇到的阻力更大，而且民众对她们的要求也更严。</br>　　多数国际媒体认为，此事对朴槿惠形象造成了致命打击，其政治生命恐怕将因此结束。从李承晚到李明博，1948年之后到朴槿惠之前的韩国总统无一善终，而自1988年民主化以来的5位总统，更是全部深陷贪腐或政治丑闻。路透社称，朝鲜实行民主政体以来，朴槿惠之前的5任总统没有一人在离任前支持率仍能维持在30%以上。</br>
崔顺实被指介入日韩外交 日担忧丑闻影响日韩和解,于晓,韩国,环球时报,2016/10/29 4:10,【环球时报驻韩国、日本、德国、加拿大记者 王伟 李珍 蓝雅歌 青木 陶短房】“崔顺实门”丑闻不仅令韩国民众愤怒，其涉及的外交方面也令相关国家关注。其中日本对此最为担忧。日本媒体认为，丑闻主角被揭露出也曾介入日韩外交，这或将动摇朴槿惠任内对日外交取得的进展，可能阻碍去年年底日韩政府就慰安妇问题达成和解案的履行。</br>　　日本《每日新闻》称，朴槿惠2013年1月与日本首相特使会见之前，曾向崔顺实咨询过应对策略。当时朴槿惠已当选总统但尚未就职。韩国披露的信息显示，从崔顺实电脑中找出了2013年1月日本首相特使访韩时的资料，此外关于竹岛问题、慰安妇问题的应对方针等资料，也从崔氏的电脑中发现。</br>　　日前在日本驻韩国大使馆门前举行的抗议集会上，90岁的慰安妇金福童批判朴槿惠是“幻影总统”，她称，“和解案不是作为总统的朴槿惠达成的，是别人作出的决定。”日本共同社称，可以想见，韩国在野党和民间团体更有理由质疑去年年底日韩就慰安妇问题达成一致的正当性，最终阻碍和解案的正常履行。</br>　　日本《朝日新闻》称，在对朝鲜、日本、美国等需要民众支持的重大政策上，朴槿惠政府恐再难做决定。出于对日美韩在朝鲜等问题上外交合作的考虑，日美目前对韩国事态仍采取静观其变的态度。</br>　　《纽约时报》引述韩国专栏作家李成韩的话称，韩国各部门上呈朴槿惠报告的副本都会送交崔顺实审查。崔甚至干预关闭开城工业园区(在今年1月朝鲜核试验后)等重大决策。</br>
韩国将接受日本提议 重启军事情报保护协定谈判,吴倩,韩国,中国新闻网,2016/10/27 13:19,中新网10月27日电 据日本共同社报道，韩国国防部官员本月27日透露称，已决定重启签署可以共享安全领域情报的日韩《军事情报保护协定》(GSOMIA)谈判。</br>　　报道指出，日本一直以来提议重启谈判，韩方对此表示了同意。韩官员称“谈判时间不会很长”，表达了或将尽快签署的看法，似乎力争年内签署。</br>　　据悉，日韩两国2012年推进了签署该协定的谈判，但韩国国内舆论因历史问题而反对呼声高涨，当时的李明博政府在签署前夕向日本提出推迟此事，导致问题搁置至今。</br>　　之后的朴槿惠政府也一直对重启谈判面露难色，但近期韩国政府部长级官员等出现了积极的发言。9月7日日韩首脑在老挝的会谈上此事也成为议题，日本首相安倍晋三向朴槿惠寻求促成签署该协定。</br>　　韩国国防部官员介绍称，9月9日朝鲜实施第五次核试验后，韩方就围绕重启谈判正式展开了研究。</br>　　据称，为了应对朝鲜的核与导弹威胁，“迅速且正确获得情报以及运用比什么都重要，与日本深化并扩大情报合作机制符合韩国安全利益”。此外还透露，截至2012年的谈判中“已经制成了(协定的)基本文案”。</br>　　报道称，韩国政府似乎认为，由于美日有着紧密的情报交换机制，韩国为与美国交换军事情报，也必须同日本签署该协定。</br>　　对此，日本官房长官菅义伟在记者会上表示，将不就个别问题发表意见，同时表示“安保领域的日韩两国合作极为重要，将进一步推进”。</br>
朝鲜外务省：美日韩联合军演表露霸权主义野心,吴合琴,朝鲜,国际在线,2016/10/24 15:10,国际在线专稿：据朝鲜《劳动新闻》10月24日报道，22日，朝鲜外务省发言人就当天美日韩开展的联合军演表示，美日韩动用“宙斯盾”驱逐舰等强大的武力装备进行的军演是以朝鲜为假想目标而展开的，这是对朝鲜的严重挑衅。</br>　　该发言人说，本月10日至15日，美国动用“里根”号核动力航母与韩国一起展开了规模空前的海上联合军演。从21日到22日，美韩又联合日本再次对朝鲜进行军事压迫，赤裸裸地表露出了搅乱地区和平与安全的霸权主义野心。一次次的军演表明，美日韩同盟已经成了美国支配亚太战略的基本手段。</br>　　发言人说，现实再次表明，朝鲜党和国家关于从质量和数量上进一步加强自卫性核遏制力的路线和政策是正确的。</br>　　他强调，朝鲜将更加紧握自主和正义的核宝剑，坚决粉碎美国及其追随势力的种种挑衅，可靠地维护朝鲜半岛和地区的和平与安全。</br>
韩媒:朴槿惠只卖30本的时代杂志 文在寅卖了1万册,佚名,韩国,中国青年网,2017/5/18 8:20,海外网5月18日电文在寅当选韩国新任总统后人气高涨，与他相关的书籍销量陡增。大选之前，《时代》亚洲版推出一期以文在寅为封面人物的杂志，开售一周以来，这本杂志在韩国书店已经卖出一万多册。与之形成鲜明对比的是，2012年12月总统大选后以朴槿惠为封面人物的《时代》杂志，一个月内仅在网上卖出30本。据韩国《亚洲经济》报道，韩国大型连锁书店教保文库介绍称，6日开售的文在寅封面《时代》杂志仅用一周就卖出一万多册。与之形成鲜明对比的是，2012年12月总统大选后以朴槿惠为封面人物的《时代》杂志一个月仅在网上售出30本。报道称，由于一书难求，杂志出版社又加印了2万册。在韩国的二手市场网站上，原价1000韩元的相关杂志甚至已经叫卖到8000韩元一本。另外，文在寅的自传《命运》以及其他相关书籍由于人气高涨，书店纷纷设立专柜出售。与此相反，败选的国民之党候选人安哲秀的自传定价13000韩元，但在旧货市场已经跌到400韩元。据海外网早前报道，韩国中央选举管理委员会10日上午8时(韩国时间)召开全体会议，确定文在寅当选第19任韩国总统，文在寅的总统任期于当天上午8时9分正式开始。
韩法院审理李在镕行贿案 检方欲申请朴槿惠作证人出庭,佚名,韩国,金羊网,2017/5/17 17:39,韩国检方强调，朴槿惠和李在镕的供述存在很多差异，为弄清李在镕行贿时的情况，两人面谈内容，以及李在镕不正当委托的内容，无论李在镕方面是否同意，都有必要直接令朴槿惠接受讯问。报道称，韩国法院定于23日对朴槿惠案进行公开审理，预计法院将会尽快对检方的申请做出决定。
朴槿惠起居室墙上都是镜子,佚名,韩国,沈阳晚报,2017/5/18 7:49,韩国新总统文在寅本月10日正式宣誓就职，但在3天后才搬入总统府青瓦台入住。韩国媒体5月16日揭开了文在寅未在上任后立即搬入青瓦台的原因。根据韩国多家媒体的说法，文在寅没有立即搬家，部分原因在于其前任朴槿惠的装修问题。韩国《国民日报》16日援引执政党共同民主党消息人士的话报道，青瓦台总统起居室的墙上镶有多面大镜子。文在寅入住前，这些镜子已被取下，换上壁纸。根据这名消息人士的说法，当装修工人进入房间时，看见到处是大镜子，感到十分惊讶。这些媒体推测，这一房间装满大镜子，可能是因为朴槿惠把这里作为自己的健身房。朴槿惠担任总统期间，曾安排她的私人健身教练担任青瓦台秘书团成员，引发争议。据新华社
韩方拟近日公审朴槿惠 朴槿惠律师：否认所有指控,佚名,朝鲜,环球时报,2017/5/16 14:09,【环球网报道】据韩国纽西斯通讯社5月16日报道，因受贿、逼捐等18项罪名被起诉的前总统朴槿惠当天表态否认所有指控。韩国首尔中央地方法院当天就朴槿惠适用《关于特定犯罪加重处罚的法律》进行第二轮“公审准备期辩论”，朴槿惠通过律师否认了所有指控，但本人并未露面。朴槿惠律师同时表示，反对法院将朴槿惠和崔顺实案件并案审理。律师主张，特检组职权范围仅限“崔顺实等平民干预朴槿惠政府国政”案件，但检方是以平民身份起诉朴槿惠，因此必须将“检察”和“特检”分开进行。朴槿惠律师还表达了对法院时间安排的不满，他说，目前争论的18项罪名很复杂，完全弄清这庞大的案件需要一段时间，但法院为在收押期满前得出结论，将时间安排的过于紧迫，有侵害被告人防御权的嫌疑。韩国法院计划于23日对朴槿惠案进行首次公开审理，按照相关规定，朴槿惠应于当天亲自出庭受审，届时或是朴槿惠被收押后首次公开露面。
朝媒：金正恩办公室弹钢琴 工作人员热血沸腾,梁靖雪,朝鲜,海外网,2017/5/17 7:50,海外网5月17日电 近日，普京一段弹奏钢琴的视频让他圈粉无数。不过，多才多艺似乎并非普京专利，16日有韩媒指出，朝鲜文艺月刊《朝鲜艺术》4月发行的杂志里，就披露了一段金正恩在办公室里弹奏钢琴的轶事。不仅如此，去年朝鲜官媒《劳动新闻》还曾报道金正恩手持吉他，边弹边唱。韩媒称，朝鲜此举意在为金正恩塑造“亲民”和“多才多艺”的形象。据韩联社16日报道，朝鲜文艺月刊《朝鲜艺术》4月发行的杂志里，披露了一段金正恩在办公室里弹奏钢琴的轶事。文章称，事情发生在“几年前的某一天”。当时，“元帅（金正恩）的办公室里响起钢琴声。这段音乐的旋律气势充沛，魄力十足。”文章介绍，金正恩弹奏的钢琴曲，是一首叫做《一鼓作气》的新歌。金正恩弹完一曲后，向一位工作人员询问弹得如何。工作人员回应道，“我越听越觉得热血沸腾，勇气倍增”。金正恩则表示，最终决战就是要一鼓作气，这首歌与自己的意志和胆识相符。他还亲自伴奏，教工作人员唱这首《一鼓作气》。韩联社称，金正恩在瑞士留学期间，曾以音乐剧《Grease》登上过才艺展出会的舞台。他在朝鲜执政后，又发起组建牡丹峰乐团。均展现出对音乐的浓厚兴趣。据海外网了解，去年朝鲜官媒《劳动新闻》曾报道过金正恩手持吉他，边弹边唱的轶事。韩媒称，朝鲜此举意在为金正恩塑造“亲民”和“多才多艺”的形象。
美国：“金正恩患有迫害妄想症，我们将继续拧紧螺丝”,夫亨權,朝鲜,东亚日报,2017/5/16 7:23,美国驻联合国大使妮基?黑莉在分析北韩试射弹道导弹的意图时表示，“在他（金正恩）满足（韩半岛无核化的）前提条件之前，我们（美国）不会和他坐下来。”黑莉14日在接受ABC广播的采访时，就“美国总统特朗普和北韩都表示‘一旦条件成熟’可以见面，那是什么样的情形？”的问题表示，“北韩试射导弹的这种状况下，（他们）不可能和特朗普总统坐下来。”这表明，美方的立场是，北韩首先要先采取措施停止核武器和导弹试验，美国不会参加“为了对话的对话”。黑莉分析说，“此次发射是给大选后的韩国新政府发出信号。他（金正恩）处于迫害妄想状态。他对自己身边的一切都感到十分忧虑。”她强调，“我们（美国）只会更加（对北韩）拧紧螺丝。不管是制裁北韩，还是发表声明（抨击北韩），我们会继续做所做的（对北韩施压等）事情。他（金正恩）会清楚地感觉到（拧紧螺丝一样的压力）。”据联合国消息人士透露，安理会将于当地时间16日在纽约总部举行紧急会议，磋商针对北韩发射弹道导弹的应对方案。这次会议应韩国和安理会成员美国、日本的请求举行，是否会磋商提高安理会层面制裁措施水平的方案，受到关注。据美国国会媒体《国会山》报道，共和党籍参议员丹?萨利文将提交一份法案，内容是针对北韩导弹挑衅，美国在加强本土导弹防御系统的层面，在阿拉斯加和加利福尼亚等西海岸增加部署拦截导弹。法案建议在两处增加部署28个拦截基，此举将把美国现有地面拦截力量提高三成。美国哈佛-史密斯索尼安天体物理学中心的约翰逊?麦克达威尔博士14日在接受采访时表示，“北韩此次发射的中程弹道导弹，射程更远，已进入中程导弹与洲际导弹之间，是重大的进展。”
金正恩视察工地 称对朝鲜的赞叹将响遍世界,佚名,朝鲜,网易,2017/3/17 9:02,当地时间2017年3月16日，据朝鲜《劳动新闻》报道，朝鲜最高领导人金正恩近日再次视察平壤黎明街建设工地。
金正恩兄长在马来西亚遇刺身亡 疑遭女子毒杀,佚名,朝鲜,腾讯,2017/2/15 9:09,国际在线消息：据马来西亚媒体报道，马来西亚全国总警长丹斯里卡立证实，1名46岁的朝鲜籍男子13日在吉隆坡第二国际机场的乘客服务柜台寻求医药援助，惟在送院途中死亡。雪兰莪州刑事调查主任法兹里14晚间向马来西亚《星报》表示，死者确认为金正男，自2月6日以来一直在马来西亚境内逗留。丹斯里卡立发文表示，根据死者的旅游证件，死者为“金楚”（KIM CHOL），护照号码:836410070，1970年6月10日在平壤出生。据“央视新闻”微博报道，金正男2月6日抵达马来西亚，本来准备2月13日8时左右飞往澳门。当时他在机场准备登机，突然走来两名女子，其中一人将一块湿布捂在金正男脸上，之后迅速逃走。金正男随后向机场保安求助，但在送往医院的路上逝世。据环球时报报道，雪兰莪州刑事调查主任法兹里对媒体表示，警方已经接到朝鲜使馆方面索要死者遗体的请求，但在此之前马方将先进行尸检。警方将调查死者在该国逗留期间的行踪，询问与他接触过的人员。目前警方正在追踪涉嫌刺杀的两名女性。对于韩国媒体关于金正男是被“两名朝鲜女特工用毒针杀害”的说法，警方表示，死因必须等待验尸结果才能确定。警方暂将此案列为猝死案。
金正恩为朝鲜青年团改名 外媒:旨在加强内部团结,柳龙龙,朝鲜,参考消息,2016/08/30 15:18:54,资料图片：这张朝中社8月25日提供的照片显示，朝鲜最高领导人金正恩（中）日前指导潜射导弹发射试验。（新华社发）参考消息网8月30日报道外媒称，朝鲜国家媒体朝中社29日报道称，该国已将由已故领导人金日成创建的一个主要青年团体改名，此举被视为旨在加强内部团结。韩联社首尔8月29日报道，朝鲜宣布依照金日成社会主义青年同盟全国代表大会的决定，将该同盟更名为金日成金正日主义青年同盟。报道称，26日，金日成社会主义青年同盟第九次全国代表大会在平壤开幕，这是23年来该同盟首次召开全国代表大会。朝鲜领导人金正恩正在寻求从年轻人那里获得支持以巩固政权。该青年同盟由朝鲜已故领导人金日成于1946年创建，是执政党朝鲜劳动党领导下的最大青年组织。年龄从14岁至30岁的朝鲜青年均要加入该组织，据悉其成员总数为500万左右。韩国统一部26日说，朝鲜举行青年大会反映出意在加强宣传动员攻势。该青年同盟成员去年被调遣至半岛最高峰白头山附近修建一处新水电站。朝中社平壤8月29日报道，金日成社会主义青年同盟第九次代表大会28日通过决议，宣布把金日成社会主义青年同盟改称金日成金正日主义青年同盟。决议指出，在展现主体青年运动发展的最全盛期的今天，给青年同盟的名称冠以金日成同志和金正日同志的大名，高举金日成金正日主义旗帜，在金正恩同志领导下一代接一代地完成主体革命事业，是全国青年和青年同盟干部一致的志向和恳切的愿望。金正恩洞察到朝鲜革命和主体青年运动发展的现实要求以及500万青年先锋的一致愿望和意志，在金日成社会主义青年同盟第九次代表大会上与伟大的金日成金正日主义相结合，把青年同盟的名称改为金日成金正日主义青年同盟，给予青年同盟至高无上的荣誉和信任。报道称，这反映了金正恩同志希望全国青年高举伟大的金日成金正日主义旗帜，在早日争取最后胜利的斗争中圆满履行作为党的可靠的后备队、尖兵队、侧翼部队的使命和任务的崇高意图。朝中社平壤8月29日报道，金正恩指出，青年同盟九大是坚决拥护和发扬光大金日成同志和金正日同志的青年运动思想和业绩，顺应新时代的要求把青年同盟加强和发展成为不可战胜的先锋队伍的划时代的契机。金正恩说，青年同盟的70年历程是金日成同志和金正日同志独创的重视青年思想和英明领导的辉煌胜利历史，是朝鲜青年拥护党和领袖、祖国和人民的火热的忠诚和爱国献身的历史。金正恩提出，为了出色地完成时代和革命所赋予的神圣使命和任务，青年同盟要实现全同盟的金日成金正日主义化。金正恩最后呼吁全国青年为完成主体的社会主义事业、青年同盟的金日成金正日主义化和青年强国的辉煌未来而努力奋斗。
